{
  "C11": -221.46146852230075,
  "C21": 1.9470213957951792,
  "C31": 7.065623929634912,
  "C13": -15.55203619536578,
  "C23": -12.42483452353297,
  "C33": 3.6839013426825975
}